{"cameraMode":{"drawMode":0,"name":"Shaded","section":"Shading Mode"},"sceneLighting":true,"audioPlay":false,"sceneViewState":{"m_AlwaysRefresh":false,"showFog":true,"showSkybox":true,"showFlares":true,"showImageEffects":true,"showParticleSystems":true,"showVisualEffectGraphs":true,"m_FxEnabled":true},"in2DMode":false,"pivot":{"x":0.2029462605714798,"y":5.457598686218262,"z":4.405397891998291},"rotation":{"x":0.04457151144742966,"y":-0.39686137437820437,"z":-0.019340448081493379,"w":-0.9166306257247925},"size":13.074257850646973,"orthographic":false}