{"cameraMode":{"drawMode":0,"name":"Shaded","section":"Shading Mode"},"sceneLighting":true,"audioPlay":false,"sceneViewState":{"m_AlwaysRefresh":false,"showFog":true,"showSkybox":true,"showFlares":true,"showImageEffects":true,"showParticleSystems":true,"showVisualEffectGraphs":true,"m_FxEnabled":true},"in2DMode":false,"pivot":{"x":-0.21274526417255402,"y":4.377482891082764,"z":2.9191808700561525},"rotation":{"x":-0.026962801814079286,"y":-0.8416668176651001,"z":0.5377026796340942,"w":-0.042203765362501147},"size":11.462225914001465,"orthographic":false}